loan_id,person_age,person_income,person_home_ownership,person_emp_length,loan_intent,loan_amnt,loan_int_rate,loan_status
50001,32,29181,OWN,14,MEDICAL,17291,10.19,1
50002,68,120472,OWN,11,DEBTCONSOLIDATION,16844,10.56,0
50003,27,64146,RENT,17,VENTURE,23832,13.77,1
50004,56,98808,RENT,25,VENTURE,9185,13.84,0
50005,64,159864,MORTGAGE,19,PERSONAL,30979,20.92,1
50006,43,63594,RENT,17,VENTURE,19563,5.75,0
50007,68,55229,OTHER,15,VENTURE,34261,14.96,1
50008,62,170643,OTHER,16,HOMEIMPROVEMENT,2568,11.24,0
50009,34,39127,MORTGAGE,6,VENTURE,30119,16.63,1
50010,35,144462,OTHER,3,PERSONAL,27675,8.1,0
50011,50,149343,OTHER,10,DEBTCONSOLIDATION,28456,17.39,1
50012,26,25310,OTHER,15,HOMEIMPROVEMENT,8462,15.55,1
50013,65,41899,RENT,21,DEBTCONSOLIDATION,29036,20.75,1
50014,60,93749,RENT,24,PERSONAL,30552,18.27,1
50015,37,56079,OTHER,15,MEDICAL,25702,9.66,1
50016,56,34279,RENT,2,VENTURE,27439,19.3,1
50017,40,93377,RENT,5,MEDICAL,13206,10.82,0
50018,34,55966,MORTGAGE,10,VENTURE,2365,18.45,1
50019,23,80088,OTHER,17,DEBTCONSOLIDATION,9397,11.02,1
50020,20,71250,MORTGAGE,25,MEDICAL,34213,8.79,1
50021,65,165041,RENT,4,DEBTCONSOLIDATION,21236,8.7,0
50022,38,97845,OTHER,6,VENTURE,5620,13.31,0
50023,65,90304,OWN,3,DEBTCONSOLIDATION,13083,5.51,0
50024,37,106633,OWN,19,HOMEIMPROVEMENT,17662,14.35,1
50025,36,148254,OWN,0,DEBTCONSOLIDATION,4417,8.36,0
50026,41,40306,RENT,8,EDUCATION,26562,16.0,1
50027,62,93120,RENT,18,HOMEIMPROVEMENT,33099,5.59,1
50028,50,173070,RENT,4,HOMEIMPROVEMENT,26375,10.06,0
50029,41,143397,OTHER,23,MEDICAL,33526,5.68,0
50030,36,153404,OTHER,8,VENTURE,31456,18.94,1
50031,66,26664,OWN,20,HOMEIMPROVEMENT,33257,11.86,1
50032,26,147200,RENT,3,DEBTCONSOLIDATION,27227,22.41,1
50033,45,168107,OTHER,1,PERSONAL,2957,8.71,0
50034,67,65611,MORTGAGE,8,MEDICAL,19673,10.18,0
50035,61,142838,OTHER,1,MEDICAL,27571,16.73,1
50036,28,97699,MORTGAGE,3,DEBTCONSOLIDATION,25731,9.6,1
50037,22,106364,MORTGAGE,15,EDUCATION,18042,22.53,1
50038,23,171649,OTHER,16,DEBTCONSOLIDATION,3622,21.68,1
50039,42,83294,OTHER,15,MEDICAL,10518,16.73,1
50040,59,35422,OTHER,5,PERSONAL,28588,6.73,1
50041,50,32097,OWN,11,PERSONAL,2773,21.66,1
50042,27,108997,OTHER,2,PERSONAL,15103,9.54,0
50043,45,132561,MORTGAGE,3,HOMEIMPROVEMENT,13325,18.08,1
50044,39,125340,OTHER,25,DEBTCONSOLIDATION,24676,15.36,1
50045,52,102225,OTHER,2,VENTURE,21490,7.31,0
50046,61,126579,MORTGAGE,25,PERSONAL,5550,12.81,1
50047,28,53726,OWN,23,PERSONAL,25976,20.01,1
50048,68,64408,RENT,10,VENTURE,8668,8.39,0
50049,55,78843,OWN,19,MEDICAL,20617,20.93,1
50050,29,52433,RENT,21,VENTURE,27177,20.7,1
50051,24,117389,OTHER,11,DEBTCONSOLIDATION,21546,21.6,1
50052,28,121451,MORTGAGE,14,DEBTCONSOLIDATION,27957,14.57,0
50053,35,143814,MORTGAGE,17,MEDICAL,19589,18.92,1
50054,64,65372,RENT,15,EDUCATION,23822,22.63,1
50055,24,37158,OWN,3,HOMEIMPROVEMENT,33835,10.51,1
50056,42,158256,OTHER,7,VENTURE,9176,5.77,0
50057,53,88817,OTHER,6,VENTURE,29283,17.54,1
50058,43,36371,RENT,1,MEDICAL,3808,9.91,0
50059,41,99285,RENT,10,EDUCATION,11626,21.67,1
50060,61,163698,OWN,10,MEDICAL,21044,18.37,1
50061,53,117660,MORTGAGE,6,PERSONAL,25086,10.14,0
50062,62,92434,OWN,5,EDUCATION,7737,9.06,0
50063,45,86366,OTHER,24,VENTURE,9349,6.17,1
50064,60,31514,MORTGAGE,21,MEDICAL,3870,6.68,0
50065,59,109588,RENT,1,VENTURE,17049,9.57,0
50066,38,26380,OTHER,16,EDUCATION,18818,10.88,1
50067,29,166215,MORTGAGE,18,VENTURE,31679,12.57,0
50068,47,35190,OTHER,10,HOMEIMPROVEMENT,8669,19.17,1
50069,54,93354,OTHER,2,EDUCATION,5879,17.91,1
50070,46,78534,RENT,6,VENTURE,2433,16.9,1
50071,42,31123,RENT,4,VENTURE,32774,20.28,1
50072,61,138822,MORTGAGE,7,MEDICAL,19789,17.37,1
50073,61,27058,OWN,20,EDUCATION,32363,17.82,1
50074,68,74464,RENT,13,EDUCATION,32282,6.56,1
50075,56,160291,MORTGAGE,9,EDUCATION,1410,7.82,0
50076,40,110606,OTHER,5,EDUCATION,12344,12.78,0
50077,31,29925,MORTGAGE,12,VENTURE,7953,21.84,1
50078,27,110433,MORTGAGE,18,HOMEIMPROVEMENT,12127,20.38,1
50079,40,162897,MORTGAGE,13,EDUCATION,9603,7.65,0
50080,40,29059,MORTGAGE,2,VENTURE,17947,6.62,1
50081,44,167718,RENT,20,PERSONAL,23559,15.74,1
50082,34,140388,OWN,11,DEBTCONSOLIDATION,21484,6.54,0
50083,52,147602,OWN,13,EDUCATION,9542,12.6,0
50084,55,92890,OWN,12,HOMEIMPROVEMENT,18533,17.9,1
50085,38,152443,RENT,2,PERSONAL,7290,6.24,1
50086,54,49918,OWN,8,HOMEIMPROVEMENT,24758,15.75,1
50087,40,35517,OWN,20,PERSONAL,12068,6.25,0
50088,52,88681,OTHER,16,EDUCATION,9697,13.95,0
50089,48,160521,MORTGAGE,6,DEBTCONSOLIDATION,24847,10.4,0
50090,55,44579,OWN,14,HOMEIMPROVEMENT,21550,9.3,1
50091,59,77612,OTHER,9,HOMEIMPROVEMENT,28034,10.92,1
50092,22,56949,RENT,9,PERSONAL,24692,6.93,1
50093,33,154556,OTHER,11,PERSONAL,16405,14.4,0
50094,67,175536,MORTGAGE,18,HOMEIMPROVEMENT,4481,14.21,0
50095,40,140888,RENT,14,PERSONAL,22157,13.17,0
50096,47,101321,MORTGAGE,2,HOMEIMPROVEMENT,21610,18.91,1
50097,36,148719,OTHER,21,DEBTCONSOLIDATION,27406,23.02,1
50098,36,60928,OWN,22,MEDICAL,27348,14.61,1
50099,42,147464,OWN,12,EDUCATION,6456,16.63,1
50100,52,97846,MORTGAGE,13,EDUCATION,31285,6.38,0
50101,34,155433,RENT,12,EDUCATION,10838,10.24,0
50102,39,110670,OWN,22,DEBTCONSOLIDATION,17353,7.86,0
50103,43,150833,MORTGAGE,1,MEDICAL,20596,20.74,1
50104,46,143795,OTHER,4,PERSONAL,23318,7.38,0
50105,35,132702,RENT,8,MEDICAL,22884,23.15,1
50106,38,49924,MORTGAGE,1,HOMEIMPROVEMENT,11010,16.67,1
50107,23,80098,MORTGAGE,16,VENTURE,10657,17.67,1
50108,41,90647,MORTGAGE,22,MEDICAL,19926,14.54,1
50109,39,152268,OWN,15,HOMEIMPROVEMENT,20365,19.15,1
50110,54,81706,RENT,4,MEDICAL,16603,11.11,0
50111,57,97250,MORTGAGE,17,HOMEIMPROVEMENT,2429,17.14,1
50112,28,68541,RENT,20,DEBTCONSOLIDATION,3843,13.91,0
50113,44,25830,RENT,18,HOMEIMPROVEMENT,34710,13.34,1
50114,58,111630,OTHER,5,EDUCATION,32626,18.59,1
50115,49,132010,MORTGAGE,14,EDUCATION,26671,16.61,1
50116,58,161512,OWN,21,EDUCATION,7052,13.61,0
50117,32,143205,MORTGAGE,14,DEBTCONSOLIDATION,14201,18.6,1
50118,67,165877,RENT,10,EDUCATION,13122,10.58,1
50119,60,43064,OWN,6,HOMEIMPROVEMENT,8879,22.17,1
50120,33,116361,RENT,0,PERSONAL,10229,22.43,1
50121,26,96270,RENT,17,HOMEIMPROVEMENT,6851,20.44,1
50122,55,112396,MORTGAGE,15,MEDICAL,4433,21.4,1
50123,38,115914,OTHER,25,PERSONAL,7977,10.4,0
50124,57,41244,MORTGAGE,11,HOMEIMPROVEMENT,14895,14.34,1
50125,23,41477,OTHER,9,VENTURE,8884,17.12,1
50126,41,99075,MORTGAGE,13,VENTURE,21142,6.74,0
50127,30,158083,MORTGAGE,8,VENTURE,11201,20.88,1
50128,47,176958,OTHER,18,DEBTCONSOLIDATION,27318,6.3,0
50129,55,139267,RENT,17,VENTURE,2911,11.88,0
50130,66,130874,OTHER,4,VENTURE,3870,22.07,1
50131,49,124100,MORTGAGE,20,MEDICAL,11347,10.1,0
50132,48,64733,RENT,3,EDUCATION,4316,8.42,0
50133,39,136768,OWN,11,HOMEIMPROVEMENT,7579,20.78,1
50134,26,122395,MORTGAGE,24,VENTURE,1708,7.97,0
50135,59,169087,RENT,11,VENTURE,3543,8.49,0
50136,38,45602,RENT,23,PERSONAL,18207,18.82,1
50137,28,100821,RENT,7,MEDICAL,30400,8.3,0
50138,27,164187,MORTGAGE,11,DEBTCONSOLIDATION,8758,10.41,0
50139,55,157504,MORTGAGE,11,MEDICAL,12790,7.05,0
50140,57,138323,MORTGAGE,10,DEBTCONSOLIDATION,19454,9.34,0
50141,35,32562,RENT,20,MEDICAL,31544,21.93,1
50142,23,159488,OTHER,1,PERSONAL,17928,14.98,0
50143,23,172486,OWN,3,HOMEIMPROVEMENT,32251,20.21,1
50144,52,68949,OWN,2,EDUCATION,10660,23.01,1
50145,45,119443,RENT,19,HOMEIMPROVEMENT,19981,6.46,1
50146,34,139362,OTHER,9,MEDICAL,26223,22.95,1
50147,66,38265,MORTGAGE,0,MEDICAL,34890,6.87,1
50148,42,114590,RENT,20,MEDICAL,18348,17.52,1
50149,23,97714,RENT,21,DEBTCONSOLIDATION,12091,20.58,1
50150,58,120041,MORTGAGE,15,PERSONAL,16281,14.13,0
50151,26,29118,RENT,23,PERSONAL,13834,5.7,1
50152,43,167660,MORTGAGE,10,MEDICAL,10629,6.36,0
50153,54,95060,MORTGAGE,4,PERSONAL,29039,10.09,0
50154,45,136801,RENT,5,DEBTCONSOLIDATION,5520,20.9,1
50155,60,132597,RENT,11,HOMEIMPROVEMENT,2100,19.52,1
50156,29,95828,RENT,18,VENTURE,15729,19.57,1
50157,61,41564,OWN,14,DEBTCONSOLIDATION,3310,18.05,1
50158,59,24004,OTHER,7,DEBTCONSOLIDATION,7001,5.63,0
50159,34,92839,MORTGAGE,8,MEDICAL,34022,22.53,1
50160,45,124308,MORTGAGE,6,HOMEIMPROVEMENT,5608,13.11,0
50161,23,57283,OTHER,16,VENTURE,9234,14.01,1
50162,21,168118,OWN,12,HOMEIMPROVEMENT,26841,21.49,1
50163,31,27167,OWN,18,DEBTCONSOLIDATION,30510,6.16,1
50164,52,160162,OTHER,25,MEDICAL,27396,22.74,1
50165,26,84403,OWN,11,HOMEIMPROVEMENT,7627,22.44,1
50166,30,47103,OWN,10,PERSONAL,33729,21.7,1
50167,32,45516,RENT,25,VENTURE,18432,10.46,1
50168,39,53501,MORTGAGE,14,MEDICAL,16256,18.56,1
50169,26,102701,RENT,0,VENTURE,15785,12.61,1
50170,60,153897,OWN,15,VENTURE,27516,17.82,1
50171,44,37287,MORTGAGE,5,EDUCATION,24508,10.55,1
50172,49,27986,OWN,9,DEBTCONSOLIDATION,3840,12.31,0
50173,23,122285,RENT,22,EDUCATION,34927,22.26,1
50174,59,141862,MORTGAGE,22,PERSONAL,16648,14.17,0
50175,53,79411,RENT,22,MEDICAL,30413,22.26,1
50176,57,86284,RENT,23,MEDICAL,30976,22.65,1
50177,34,108137,OWN,2,MEDICAL,22070,15.66,1
50178,42,116728,OWN,15,VENTURE,26216,12.88,0
50179,49,89752,OTHER,23,VENTURE,12704,10.34,0
50180,49,87254,RENT,21,HOMEIMPROVEMENT,13127,13.47,0
50181,58,92218,OTHER,14,HOMEIMPROVEMENT,20743,7.38,0
50182,29,154135,MORTGAGE,24,EDUCATION,15504,18.47,1
50183,29,111271,MORTGAGE,2,VENTURE,15938,5.79,0
50184,63,141130,RENT,22,VENTURE,13741,8.09,0
50185,50,140434,OTHER,3,VENTURE,30440,16.77,1
50186,29,85026,OTHER,0,PERSONAL,14924,8.32,0
50187,50,29927,MORTGAGE,4,HOMEIMPROVEMENT,20994,5.9,1
50188,67,104311,OWN,23,MEDICAL,23896,16.64,1
50189,45,178399,RENT,21,PERSONAL,4735,12.56,0
50190,43,145304,RENT,14,EDUCATION,21527,20.47,1
50191,23,148303,RENT,13,HOMEIMPROVEMENT,30634,16.93,1
50192,54,172413,OWN,24,DEBTCONSOLIDATION,13947,19.4,1
50193,38,104806,MORTGAGE,20,HOMEIMPROVEMENT,8796,9.06,0
50194,30,101396,OWN,16,HOMEIMPROVEMENT,26880,8.25,0
50195,56,165025,MORTGAGE,17,EDUCATION,8572,22.69,1
50196,42,173003,OWN,3,PERSONAL,21295,11.82,0
50197,28,69562,RENT,1,HOMEIMPROVEMENT,26150,7.13,1
50198,34,73542,OTHER,22,MEDICAL,33605,7.43,1
50199,22,156036,RENT,7,DEBTCONSOLIDATION,8250,16.78,1
50200,62,163654,RENT,6,MEDICAL,11934,8.39,0
50201,59,138732,OTHER,16,MEDICAL,27447,9.38,0
50202,28,133689,OWN,21,EDUCATION,13958,12.25,1
50203,53,163175,RENT,3,HOMEIMPROVEMENT,11008,5.69,0
50204,27,72120,OTHER,25,VENTURE,19190,9.99,0
50205,64,178044,OWN,2,VENTURE,16806,9.58,0
50206,35,63793,OTHER,13,PERSONAL,7276,9.88,0
50207,20,70672,RENT,23,HOMEIMPROVEMENT,3717,13.11,0
50208,67,96169,RENT,17,HOMEIMPROVEMENT,11750,14.52,0
50209,23,165814,OWN,0,VENTURE,16572,17.38,1
50210,60,31297,OTHER,10,VENTURE,25768,19.09,1
50211,59,76922,RENT,16,VENTURE,28153,16.23,1
50212,26,157076,RENT,20,HOMEIMPROVEMENT,8984,16.35,1
50213,49,90134,MORTGAGE,20,EDUCATION,28499,11.3,0
50214,23,151988,MORTGAGE,14,MEDICAL,34707,7.68,0
50215,64,92950,MORTGAGE,9,PERSONAL,22841,8.38,0
50216,42,31322,OTHER,22,VENTURE,18626,21.72,1
50217,53,90196,OWN,23,EDUCATION,34756,21.0,1
50218,42,170700,RENT,4,VENTURE,30872,5.58,0
50219,59,66034,RENT,0,MEDICAL,31811,5.5,1
50220,23,43241,OTHER,2,MEDICAL,30732,7.91,1
50221,22,177906,RENT,17,PERSONAL,10269,12.04,0
50222,23,26480,MORTGAGE,3,PERSONAL,26751,8.49,1
50223,63,40959,MORTGAGE,19,HOMEIMPROVEMENT,19177,7.13,1
50224,62,100065,MORTGAGE,21,MEDICAL,13009,6.3,1
50225,38,46333,OWN,12,DEBTCONSOLIDATION,31220,15.61,1
50226,41,167165,OWN,25,HOMEIMPROVEMENT,23273,21.92,1
50227,56,92834,RENT,6,EDUCATION,24115,6.59,0
50228,30,80710,RENT,16,DEBTCONSOLIDATION,7887,13.28,0
50229,67,157191,OTHER,21,MEDICAL,32109,17.02,1
50230,56,76935,MORTGAGE,18,PERSONAL,14874,20.69,1
50231,37,90857,MORTGAGE,24,DEBTCONSOLIDATION,21008,13.47,0
50232,58,29510,OTHER,5,DEBTCONSOLIDATION,24947,21.92,1
50233,46,168110,OTHER,8,EDUCATION,19963,12.77,0
50234,45,144918,MORTGAGE,14,PERSONAL,7492,16.63,1
50235,65,135552,OTHER,14,VENTURE,11219,20.7,1
50236,42,175568,MORTGAGE,7,PERSONAL,33802,8.78,0
50237,22,140480,MORTGAGE,19,HOMEIMPROVEMENT,13926,22.7,1
50238,67,66206,RENT,6,HOMEIMPROVEMENT,25280,15.18,1
50239,29,31638,OTHER,10,EDUCATION,30051,13.6,1
50240,30,129711,MORTGAGE,20,HOMEIMPROVEMENT,21828,20.29,1
50241,67,34277,MORTGAGE,4,PERSONAL,16244,6.83,1
50242,52,59181,OWN,17,DEBTCONSOLIDATION,3784,17.58,1
50243,37,75678,OWN,22,VENTURE,16997,15.32,1
50244,68,159671,RENT,8,PERSONAL,1397,21.23,1
50245,65,130741,OTHER,2,PERSONAL,26617,7.53,0
50246,40,93073,OWN,18,PERSONAL,19226,12.37,0
50247,41,100426,RENT,18,EDUCATION,30341,8.39,0
50248,50,93417,MORTGAGE,20,VENTURE,24017,10.23,1
50249,23,101876,OTHER,18,PERSONAL,12977,15.66,1
