house_id,square_feet,bedrooms,bathrooms,year_built,neighborhood,garage_cars,sale_price
80001,3485,4,3.5,1997,WestEnd,0,763238
80002,4448,3,4,1977,Suburbs,2,926610
80003,2507,5,2,2010,Lakeside,0,618007
80004,1929,2,1.5,1990,WestEnd,1,439339
80005,3892,2,4,1951,Suburbs,3,801505
80006,2379,6,1,1982,WestEnd,3,593919
80007,2290,1,2.5,1978,Suburbs,0,475877
80008,4314,5,4,1972,Northside,2,947739
80009,2346,5,1,1973,Northside,1,538629
80010,2245,3,2.5,1985,Lakeside,2,522285
80011,3259,1,1.5,1967,Downtown,1,660620
80012,3279,4,3.5,2001,Highland,2,769621
80013,929,1,1,2004,Downtown,2,277909
80014,892,2,1.5,1976,Highland,2,260228
80015,2241,6,3,1993,Downtown,2,610255
80016,2853,5,1.5,2001,WestEnd,1,661500
80017,714,1,1.5,1986,WestEnd,1,218820
80018,2332,3,2,1999,Northside,3,583899
80019,2521,3,2.5,1966,Lakeside,0,560958
80020,3741,4,4,2001,WestEnd,1,822877
80021,1458,5,1,1987,Lakeside,1,377118
80022,1624,1,4,2015,Downtown,2,449103
80023,2899,5,3,2023,Highland,0,721512
80024,3033,3,3.5,1980,WestEnd,3,693539
80025,4343,6,1.5,2017,Lakeside,0,962720
80026,2417,6,1,1992,Suburbs,0,561734
80027,1544,3,4,1971,Northside,2,396552
80028,2725,3,1,1958,Downtown,3,603792
80029,1966,2,4,1969,Downtown,3,469873
80030,4334,5,4,1999,Downtown,1,972434
80031,3464,6,2,2019,Downtown,0,821433
80032,1730,5,3.5,2009,Suburbs,3,510398
80033,1799,5,1,1978,Northside,2,461058
80034,2991,5,4,1962,Downtown,3,721140
80035,4146,4,1.5,2002,Highland,3,912762
80036,4120,5,3,1961,Lakeside,2,886648
80037,4391,4,3,1966,WestEnd,0,917699
80038,2209,1,3.5,1989,Highland,3,531504
80039,2996,2,3,1974,Northside,0,631555
80040,3814,1,1.5,1995,Lakeside,0,764379
80041,2111,1,1.5,1997,WestEnd,1,484469
80042,3768,6,2,1975,Suburbs,3,835177
80043,1931,2,4,2011,Northside,3,519448
80044,2898,5,2,1960,Suburbs,1,650013
80045,3494,3,2,2020,WestEnd,2,799579
80046,3181,2,4,2000,Northside,3,749294
80047,2355,4,2.5,2013,Highland,3,626068
80048,953,4,3.5,1952,Northside,0,292424
80049,2094,6,1.5,1971,Lakeside,3,537341
80050,2625,3,1,1997,WestEnd,2,582410
80051,4416,2,3,2012,Highland,2,937415
80052,1763,2,3.5,1997,WestEnd,3,484179
80053,2062,6,1.5,1959,WestEnd,0,480410
80054,2561,1,3.5,1974,Downtown,0,550395
80055,4211,2,3,2015,Lakeside,0,907099
80056,1619,4,1.5,2009,Suburbs,3,465277
80057,860,6,2.5,2005,Highland,3,348369
80058,4066,4,4,1992,Downtown,0,877438
80059,1291,4,3.5,2008,Northside,3,414828
80060,1689,4,1,1968,Suburbs,1,410129
80061,2597,4,3,1972,Lakeside,1,613332
80062,1955,4,3,1995,Highland,2,498227
80063,945,5,1,1977,Northside,2,291097
80064,1787,4,3,2012,Lakeside,0,492907
80065,2432,6,1.5,1991,WestEnd,1,613878
80066,2832,3,3.5,1960,WestEnd,3,631833
80067,2172,2,3.5,1953,Suburbs,1,495768
80068,4211,4,3.5,1961,Highland,3,910480
80069,1805,5,3,1969,Lakeside,0,447071
80070,888,2,4,2022,Northside,2,314249
80071,909,5,4,1991,WestEnd,0,312789
80072,884,1,1.5,1972,Lakeside,3,237034
80073,3808,4,1,1962,Lakeside,0,770960
80074,3657,5,1.5,1994,Downtown,3,811426
80075,4270,5,1.5,1983,Suburbs,3,937686
80076,4179,1,3.5,2007,Suburbs,1,895278
80077,4218,4,3,1991,Northside,1,887584
80078,1568,5,3.5,1974,Northside,1,441573
80079,2865,4,3,1999,Downtown,1,681645
80080,2109,4,2,1996,WestEnd,1,510700
80081,2711,6,2,1985,Downtown,0,656572
80082,1243,2,3.5,2005,Suburbs,0,339555
80083,2661,4,2,2021,Downtown,0,619672
80084,2716,3,1.5,1995,Highland,3,645947
80085,2585,5,3.5,1956,Suburbs,0,602306
80086,3516,1,2.5,1959,WestEnd,3,706685
80087,4200,4,2.5,2004,Northside,3,919727
80088,2353,5,3,1977,Downtown,1,588581
80089,1412,2,3,1973,WestEnd,1,362973
80090,1569,4,1,1961,Lakeside,2,371564
80091,2381,6,3,2010,Northside,1,623444
80092,2404,3,3,2016,Highland,3,603308
80093,1353,1,1,2016,Highland,0,330114
80094,1619,1,2,1973,Lakeside,3,383293
80095,3736,1,2,1998,Downtown,1,758667
80096,3718,6,3.5,2010,Downtown,0,871586
80097,1875,2,3,1962,Downtown,2,421321
80098,3679,5,2,1961,Lakeside,1,794174
80099,3619,3,2,1995,Lakeside,2,783591
80100,2497,5,1.5,1968,Suburbs,2,563934
80101,2104,2,2.5,1969,Lakeside,1,485717
80102,1656,6,1.5,1979,Downtown,1,429004
80103,1796,4,4,1986,WestEnd,3,510933
80104,1582,6,3.5,1973,Highland,2,450409
80105,3386,1,3,1989,Lakeside,0,691601
80106,4075,4,2.5,1953,WestEnd,2,833414
80107,4077,5,3,1983,Highland,0,863825
80108,3480,1,1,2008,Downtown,2,736901
80109,3340,5,2.5,2005,Downtown,1,756190
80110,2901,1,2,1987,Lakeside,1,608401
80111,1345,5,4,2014,Suburbs,2,463421
80112,785,2,3,2018,Lakeside,2,284202
80113,1839,4,3.5,2019,WestEnd,1,498965
80114,1442,3,3,1975,Highland,3,414204
80115,3849,1,3,1990,Highland,0,782581
80116,1425,6,3,1960,Downtown,2,412477
80117,1927,4,1.5,1958,Northside,1,455200
80118,2391,5,1.5,1954,Downtown,1,535967
80119,1876,4,1.5,2004,Northside,1,463481
80120,2917,1,2,2023,Lakeside,1,636118
80121,3642,1,3.5,2022,Highland,1,814519
80122,1163,5,3.5,1997,Lakeside,1,376210
80123,838,2,3,1956,Suburbs,0,227433
80124,1931,1,2.5,2016,Northside,2,460700
80125,3158,2,3,1955,Suburbs,0,640064
80126,3443,4,3,2014,Highland,2,786952
80127,2676,4,3,1979,Suburbs,0,605370
80128,1572,1,3.5,1971,Northside,0,372291
80129,4210,5,4,1981,Suburbs,2,918135
80130,3868,5,3,2022,Downtown,1,898263
80131,2392,2,2,1968,Lakeside,0,512609
80132,3745,6,4,1967,Downtown,1,849052
80133,4353,6,3.5,1988,Lakeside,0,952264
80134,3589,4,4,1990,Northside,3,818023
80135,4267,5,4,2006,WestEnd,2,970638
80136,1248,6,1.5,1997,Lakeside,2,404782
80137,3599,5,3.5,2006,Suburbs,1,834895
80138,2940,3,1.5,1974,Northside,0,610076
80139,1483,5,2,2006,Highland,2,429012
80140,3936,5,3.5,1975,Lakeside,0,833770
80141,2497,4,3.5,2012,Suburbs,3,640071
80142,3686,6,2,1975,Highland,3,846474
80143,3448,2,1,1993,Lakeside,0,698520
80144,3809,2,1,2022,WestEnd,0,798461
80145,3263,3,2,1981,WestEnd,0,705492
80146,3981,1,2.5,2009,Highland,0,809815
80147,2204,3,1,1984,Highland,3,502378
80148,3502,1,2,1974,WestEnd,2,716015
80149,1108,3,3.5,1995,Downtown,2,359766
80150,3754,1,1,2003,Northside,2,788907
80151,1450,2,2,1993,WestEnd,3,390149
80152,3780,3,2.5,1963,Suburbs,2,801466
80153,4200,2,4,1988,Northside,0,874385
80154,3381,6,2.5,2015,WestEnd,2,815758
80155,2593,2,1,1975,Downtown,1,547891
80156,2634,4,1,2017,WestEnd,3,654240
80157,3268,2,2,1953,Downtown,0,633735
80158,3651,2,3.5,1976,Northside,2,771591
80159,3840,4,3,1998,WestEnd,0,843442
80160,1134,2,2,2022,Northside,3,363174
80161,1051,6,2.5,1974,Downtown,2,359635
80162,3331,5,1,2016,Highland,1,762993
80163,1170,5,3,1959,WestEnd,3,342785
80164,1964,1,2,1960,Suburbs,0,412350
80165,1829,6,4,1988,Highland,3,520842
80166,3228,3,2.5,1968,Suburbs,0,687283
80167,1632,6,4,1956,Lakeside,2,468413
80168,1364,4,4,2015,Lakeside,2,436424
80169,3824,6,3,1977,Downtown,2,855809
80170,1893,1,1.5,1992,Suburbs,0,424279
80171,1074,5,3.5,1972,Lakeside,2,339670
80172,1152,2,3.5,1967,Northside,0,292616
80173,2312,6,3.5,2008,Downtown,2,626859
80174,2731,4,2.5,1976,Downtown,1,602932
80175,1361,2,2.5,1970,WestEnd,2,348324
80176,3018,3,3,2022,WestEnd,0,692461
80177,1900,5,4,2008,Lakeside,2,534460
80178,4111,3,3,1978,WestEnd,3,888550
80179,3283,2,4,1954,Lakeside,3,713062
80180,3810,3,2,2022,Suburbs,2,865145
80181,1960,6,1,2011,Highland,1,508670
80182,1131,1,1.5,1975,Downtown,2,291465
80183,3244,2,3,1973,Suburbs,1,680413
80184,673,4,3,2010,Northside,2,281811
80185,2523,4,4,1970,WestEnd,0,574900
80186,1570,4,2,2015,Lakeside,2,466082
80187,2310,3,2.5,1997,Suburbs,0,521927
80188,3434,5,2,1964,Highland,2,735670
80189,3322,1,1,2003,Highland,3,693631
80190,4481,5,2.5,2024,WestEnd,2,986628
80191,1543,2,1,1983,WestEnd,0,367204
80192,1522,1,1.5,2003,WestEnd,0,375684
80193,2214,4,1.5,2003,WestEnd,2,561943
80194,796,5,4,1986,Suburbs,2,320441
80195,3319,6,1.5,1985,Lakeside,0,749120
80196,1934,4,1,1954,Suburbs,0,411089
80197,4110,2,1.5,1991,Downtown,3,847051
80198,4021,3,1,1984,Suburbs,2,853099
80199,1274,4,2,2000,Downtown,1,379455
80200,3695,1,2,1999,Highland,2,767930
80201,3259,5,2.5,2013,Downtown,0,762060
80202,1509,3,1.5,1994,Lakeside,1,388271
80203,4053,6,1,2023,Downtown,1,915268
80204,1378,1,1.5,2016,Northside,3,362393
80205,1946,3,1,1991,Downtown,1,452071
80206,4178,5,2.5,1965,Highland,3,889218
80207,1961,3,1,2014,WestEnd,2,486803
80208,3169,5,3,2016,WestEnd,2,761032
80209,686,6,2,1966,Northside,1,250754
80210,833,2,1.5,1988,WestEnd,2,240412
80211,1432,6,4,1969,Suburbs,1,444429
80212,3538,6,3.5,2006,Downtown,0,837920
80213,1275,5,3,1985,Lakeside,0,365895
80214,2334,3,2.5,1997,Lakeside,0,546108
80215,3021,6,3,2015,WestEnd,0,723759
80216,1329,2,3,1970,Suburbs,0,325481
80217,2654,2,2.5,1957,Lakeside,0,539303
80218,1563,5,1.5,1986,Downtown,2,419805
80219,778,4,2,1991,Lakeside,0,252563
80220,812,6,4,1984,WestEnd,1,330118
80221,1178,3,4,1988,WestEnd,3,384870
80222,3210,1,2,1956,Suburbs,2,637027
80223,1808,2,4,2012,Downtown,1,488294
80224,2958,5,2.5,1951,WestEnd,0,639579
80225,4183,4,2,2015,WestEnd,1,918320
80226,1118,6,1.5,1954,Northside,2,319147
80227,952,3,1.5,1996,WestEnd,2,300056
80228,3037,2,3,1967,Highland,1,649958
80229,2634,5,4,1983,Downtown,0,645154
80230,1896,6,1,1990,Lakeside,1,475053
80231,2188,1,2.5,1978,WestEnd,0,460328
80232,2046,4,2,1970,WestEnd,0,470698
80233,887,2,1,2005,Highland,0,239312
80234,1195,2,1.5,1965,Suburbs,1,284408
80235,2627,5,1,2023,Northside,1,634219
80236,3082,1,2,1958,Suburbs,2,634769
80237,701,4,1.5,2005,Downtown,1,253871
80238,1798,5,3.5,2010,Northside,0,490880
80239,1993,3,2,1985,Highland,1,473102
80240,2002,5,1.5,1980,Suburbs,0,466684
80241,1277,3,2,1988,Lakeside,1,350229
80242,734,5,1.5,1992,Highland,3,313736
80243,1564,6,2,2010,Suburbs,1,479648
80244,3407,6,2,2021,WestEnd,0,782743
80245,2813,3,1,2019,Lakeside,3,650785
80246,3480,3,2.5,2014,Suburbs,0,760327
80247,2815,1,1.5,1994,Downtown,2,606372
80248,2853,6,2,2005,Downtown,0,684458
80249,1771,5,3,1973,Suburbs,0,465093
