timestamp,device_id,temperature,vibration,pressure,rotational_speed,error_code,failure_imminent
2026-08-29 01:07:00,DEV_DELTA_04,49.86,3.341,135.0,2733,E00,1
2026-08-29 02:14:00,DEV_ALPHA_01,51.47,4.52,99.3,2190,E03,0
2026-08-29 03:21:00,DEV_ALPHA_01,80.98,1.741,104.6,1402,E04,0
2026-08-29 04:28:00,DEV_ALPHA_01,50.09,4.382,102.9,3297,E02,0
2026-08-29 05:35:00,DEV_ALPHA_01,56.56,2.231,117.7,1359,E03,0
2026-08-29 06:42:00,DEV_GAMMA_03,87.94,0.138,90.1,1854,E00,0
2026-08-29 07:49:00,DEV_BETA_02,76.76,1.853,107.0,1674,E03,0
2026-08-29 08:56:00,DEV_GAMMA_03,86.93,3.46,103.6,2871,E02,1
2026-08-29 09:03:00,DEV_ALPHA_01,61.99,3.692,110.4,2714,E03,0
2026-08-29 10:10:00,DEV_GAMMA_03,67.24,4.457,131.2,2436,E00,0
2026-08-29 11:17:00,DEV_ALPHA_01,83.05,4.576,113.8,3388,E02,0
2026-08-29 12:24:00,DEV_ALPHA_01,70.18,1.247,113.0,2206,E01,0
2026-08-29 13:31:00,DEV_ALPHA_01,58.04,0.442,136.9,1669,E01,0
2026-08-29 14:38:00,DEV_GAMMA_03,47.17,4.352,116.0,1522,E03,0
2026-08-29 15:45:00,DEV_DELTA_04,48.16,1.591,113.5,2252,E00,0
2026-08-29 16:52:00,DEV_BETA_02,52.41,1.299,93.0,1630,E04,0
2026-08-29 17:59:00,DEV_DELTA_04,58.63,4.123,132.1,2366,E01,0
2026-08-29 18:06:00,DEV_DELTA_04,59.9,2.922,130.9,2207,E01,0
2026-08-29 19:13:00,DEV_BETA_02,66.54,3.789,135.7,2387,E03,0
2026-08-29 20:20:00,DEV_DELTA_04,59.03,3.821,130.6,3501,E01,0
2026-08-29 21:27:00,DEV_BETA_02,92.26,4.095,112.3,3599,E04,1
2026-08-29 22:34:00,DEV_ALPHA_01,90.87,0.119,93.5,1895,E02,0
2026-08-29 23:41:00,DEV_DELTA_04,65.12,3.41,108.8,2514,E04,0
2026-08-29 00:48:00,DEV_ALPHA_01,59.5,1.655,93.5,3359,E01,0
2026-08-29 01:55:00,DEV_DELTA_04,79.39,1.835,128.6,1553,E01,1
2026-08-29 02:02:00,DEV_BETA_02,58.0,1.491,97.1,1839,E00,0
2026-08-29 03:09:00,DEV_ALPHA_01,66.73,3.839,102.9,3298,E02,0
2026-08-29 04:16:00,DEV_BETA_02,92.29,0.184,139.6,3122,E01,0
2026-08-29 05:23:00,DEV_DELTA_04,91.52,1.132,99.3,3076,E03,0
2026-08-29 06:30:00,DEV_GAMMA_03,80.55,0.316,137.6,2486,E02,0
2026-08-29 07:37:00,DEV_BETA_02,81.28,0.601,91.9,1531,E00,0
2026-08-29 08:44:00,DEV_GAMMA_03,89.95,0.41,116.8,1706,E03,1
2026-08-29 09:51:00,DEV_ALPHA_01,52.84,3.244,105.0,2569,E04,0
2026-08-29 10:58:00,DEV_GAMMA_03,82.26,2.708,132.4,1443,E03,0
2026-08-29 11:05:00,DEV_ALPHA_01,83.8,2.235,114.1,1439,E04,0
2026-08-29 12:12:00,DEV_BETA_02,97.73,2.656,102.8,1495,E02,0
2026-08-29 13:19:00,DEV_DELTA_04,82.42,2.718,104.1,2474,E00,0
2026-08-29 14:26:00,DEV_DELTA_04,65.56,1.101,91.1,2163,E00,0
2026-08-29 15:33:00,DEV_ALPHA_01,54.08,4.758,120.8,2984,E02,0
2026-08-29 16:40:00,DEV_DELTA_04,60.83,3.171,113.3,1821,E04,0
2026-08-29 17:47:00,DEV_BETA_02,63.89,3.424,97.4,3114,E01,0
2026-08-29 18:54:00,DEV_DELTA_04,56.34,3.797,96.7,3042,E02,0
2026-08-29 19:01:00,DEV_GAMMA_03,57.08,2.995,128.5,1739,E00,0
2026-08-29 20:08:00,DEV_BETA_02,59.76,2.085,113.4,1598,E03,0
2026-08-29 21:15:00,DEV_BETA_02,74.59,4.106,106.0,2162,E02,0
2026-08-29 22:22:00,DEV_DELTA_04,62.96,1.941,122.0,1960,E00,0
2026-08-29 23:29:00,DEV_BETA_02,49.21,4.414,137.5,2603,E01,0
2026-08-29 00:36:00,DEV_BETA_02,70.27,0.493,110.4,2598,E01,0
2026-08-29 01:43:00,DEV_ALPHA_01,94.22,4.793,135.9,2097,E04,1
2026-08-29 02:50:00,DEV_BETA_02,76.29,3.678,121.6,3233,E00,0
2026-08-29 03:57:00,DEV_BETA_02,84.14,4.545,111.2,1595,E03,0
2026-08-29 04:04:00,DEV_BETA_02,92.23,1.969,131.9,3250,E00,0
2026-08-29 05:11:00,DEV_GAMMA_03,73.68,3.145,102.1,2392,E02,0
2026-08-29 06:18:00,DEV_GAMMA_03,69.69,0.399,111.2,1207,E02,0
2026-08-29 07:25:00,DEV_BETA_02,96.73,0.774,99.1,2242,E03,0
2026-08-29 08:32:00,DEV_GAMMA_03,75.58,3.383,131.3,2189,E01,0
2026-08-29 09:39:00,DEV_GAMMA_03,48.75,3.818,98.0,1805,E03,0
2026-08-29 10:46:00,DEV_ALPHA_01,91.18,3.75,112.2,3251,E03,1
2026-08-29 11:53:00,DEV_BETA_02,72.87,0.824,126.5,1822,E03,0
2026-08-29 12:00:00,DEV_BETA_02,56.47,3.855,95.6,2480,E03,0
2026-08-29 13:07:00,DEV_GAMMA_03,76.01,4.63,113.6,2940,E00,0
2026-08-29 14:14:00,DEV_DELTA_04,76.88,1.23,135.6,2539,E03,0
2026-08-29 15:21:00,DEV_BETA_02,69.26,4.203,91.0,2597,E03,0
2026-08-29 16:28:00,DEV_BETA_02,59.85,2.325,132.5,1622,E04,0
2026-08-29 17:35:00,DEV_GAMMA_03,53.31,1.824,102.5,3049,E02,0
2026-08-29 18:42:00,DEV_BETA_02,49.16,4.797,130.1,1840,E03,0
2026-08-29 19:49:00,DEV_DELTA_04,70.7,1.894,122.2,1644,E01,0
2026-08-29 20:56:00,DEV_BETA_02,62.58,0.967,126.3,1298,E04,0
2026-08-29 21:03:00,DEV_BETA_02,71.22,3.429,120.1,2786,E03,0
2026-08-29 22:10:00,DEV_GAMMA_03,79.62,1.154,129.7,2376,E03,0
2026-08-29 23:17:00,DEV_ALPHA_01,45.43,3.376,99.6,3422,E00,1
2026-08-29 00:24:00,DEV_ALPHA_01,68.2,0.959,129.1,3471,E01,0
2026-08-29 01:31:00,DEV_BETA_02,97.78,0.139,99.3,2183,E00,0
2026-08-29 02:38:00,DEV_GAMMA_03,51.16,4.761,113.8,2037,E03,0
2026-08-29 03:45:00,DEV_ALPHA_01,90.31,3.006,135.4,3364,E03,1
2026-08-29 04:52:00,DEV_GAMMA_03,63.72,0.294,131.6,3270,E03,0
2026-08-29 05:59:00,DEV_ALPHA_01,93.44,0.938,97.8,3494,E04,0
2026-08-29 06:06:00,DEV_ALPHA_01,72.64,0.565,137.4,1344,E01,0
2026-08-29 07:13:00,DEV_ALPHA_01,51.29,1.337,114.3,2585,E04,0
2026-08-29 08:20:00,DEV_ALPHA_01,65.85,1.638,126.0,2795,E03,0
2026-08-29 09:27:00,DEV_ALPHA_01,94.26,0.203,125.9,2655,E04,0
2026-08-29 10:34:00,DEV_BETA_02,85.67,4.01,121.1,2284,E01,1
2026-08-29 11:41:00,DEV_DELTA_04,54.13,0.95,127.7,1604,E03,0
2026-08-29 12:48:00,DEV_ALPHA_01,62.15,3.9,139.5,2525,E01,0
2026-08-29 13:55:00,DEV_BETA_02,76.32,3.85,91.9,1846,E02,0
2026-08-29 14:02:00,DEV_ALPHA_01,56.29,0.947,132.6,1436,E03,0
2026-08-29 15:09:00,DEV_DELTA_04,67.72,2.423,111.9,2696,E03,0
2026-08-29 16:16:00,DEV_GAMMA_03,60.23,3.355,103.6,1376,E04,0
2026-08-29 17:23:00,DEV_ALPHA_01,67.92,3.703,123.0,1206,E03,0
2026-08-29 18:30:00,DEV_DELTA_04,97.5,3.721,103.0,1479,E04,1
2026-08-29 19:37:00,DEV_BETA_02,97.19,3.593,123.4,2682,E01,1
2026-08-29 20:44:00,DEV_BETA_02,61.35,1.41,121.9,1501,E03,0
2026-08-29 21:51:00,DEV_ALPHA_01,85.93,1.816,116.3,3386,E03,0
2026-08-29 22:58:00,DEV_GAMMA_03,47.69,0.826,127.4,3300,E01,1
2026-08-29 23:05:00,DEV_BETA_02,97.77,0.277,112.3,3443,E04,0
2026-08-29 00:12:00,DEV_GAMMA_03,70.22,2.273,106.2,2960,E04,0
2026-08-29 01:19:00,DEV_GAMMA_03,73.02,1.974,91.9,2549,E04,0
2026-08-29 02:26:00,DEV_BETA_02,55.34,4.337,97.6,1543,E02,0
2026-08-29 03:33:00,DEV_BETA_02,84.93,3.848,103.0,2905,E04,0
2026-08-29 04:40:00,DEV_GAMMA_03,64.73,3.781,93.5,2921,E01,0
2026-08-29 05:47:00,DEV_DELTA_04,58.44,4.154,98.3,2310,E01,0
2026-08-29 06:54:00,DEV_ALPHA_01,77.38,0.173,92.2,1369,E04,0
2026-08-29 07:01:00,DEV_GAMMA_03,89.07,1.233,103.0,2398,E03,0
2026-08-29 08:08:00,DEV_BETA_02,72.3,1.696,102.8,2329,E02,0
2026-08-29 09:15:00,DEV_GAMMA_03,90.62,3.46,109.7,1244,E02,1
2026-08-29 10:22:00,DEV_DELTA_04,90.65,0.76,105.3,1288,E03,0
2026-08-29 11:29:00,DEV_DELTA_04,46.11,1.978,119.1,2685,E04,0
2026-08-29 12:36:00,DEV_GAMMA_03,68.47,2.787,130.5,1452,E04,0
2026-08-29 13:43:00,DEV_DELTA_04,79.81,4.345,93.0,1830,E03,0
2026-08-29 14:50:00,DEV_GAMMA_03,92.16,4.702,109.0,2349,E02,1
2026-08-29 15:57:00,DEV_BETA_02,96.19,4.215,119.8,1964,E00,1
2026-08-29 16:04:00,DEV_BETA_02,96.5,1.047,138.5,3548,E03,0
2026-08-29 17:11:00,DEV_ALPHA_01,87.74,1.661,135.5,2515,E02,0
2026-08-29 18:18:00,DEV_GAMMA_03,93.25,1.515,135.3,1701,E00,0
2026-08-29 19:25:00,DEV_BETA_02,68.01,4.214,114.2,2327,E00,1
2026-08-29 20:32:00,DEV_DELTA_04,94.21,0.463,134.2,2995,E02,0
2026-08-29 21:39:00,DEV_ALPHA_01,78.85,0.812,91.8,3199,E01,0
2026-08-29 22:46:00,DEV_BETA_02,49.37,2.429,99.8,3365,E00,0
2026-08-29 23:53:00,DEV_ALPHA_01,86.39,4.77,120.4,1622,E02,1
2026-08-29 00:00:00,DEV_GAMMA_03,58.78,0.153,95.9,1414,E02,0
2026-08-29 01:07:00,DEV_DELTA_04,68.81,2.997,94.1,3501,E03,0
2026-08-29 02:14:00,DEV_GAMMA_03,88.03,1.054,121.9,2205,E02,0
2026-08-29 03:21:00,DEV_DELTA_04,91.48,3.028,92.1,2043,E02,1
2026-08-29 04:28:00,DEV_BETA_02,88.64,0.479,114.0,1325,E01,0
2026-08-29 05:35:00,DEV_ALPHA_01,88.65,4.621,112.1,1908,E02,1
2026-08-29 06:42:00,DEV_BETA_02,54.7,4.076,103.1,2363,E04,1
2026-08-29 07:49:00,DEV_BETA_02,58.64,2.521,126.0,1761,E03,0
2026-08-29 08:56:00,DEV_ALPHA_01,86.13,1.829,121.8,3075,E01,0
2026-08-29 09:03:00,DEV_BETA_02,92.73,0.117,107.3,3276,E00,0
2026-08-29 10:10:00,DEV_BETA_02,52.79,0.596,136.3,1961,E01,0
2026-08-29 11:17:00,DEV_BETA_02,52.71,3.859,114.0,3491,E04,0
2026-08-29 12:24:00,DEV_BETA_02,67.87,0.275,92.4,3086,E04,0
2026-08-29 13:31:00,DEV_ALPHA_01,80.88,4.04,115.6,3089,E01,1
2026-08-29 14:38:00,DEV_DELTA_04,48.49,3.067,100.1,1941,E00,0
2026-08-29 15:45:00,DEV_ALPHA_01,59.85,3.457,112.5,1571,E01,0
2026-08-29 16:52:00,DEV_GAMMA_03,93.84,3.601,111.1,1284,E00,1
2026-08-29 17:59:00,DEV_GAMMA_03,51.33,4.231,95.5,2534,E01,1
2026-08-29 18:06:00,DEV_ALPHA_01,81.23,0.862,118.4,2682,E02,0
2026-08-29 19:13:00,DEV_BETA_02,62.05,0.905,129.4,2614,E04,0
2026-08-29 20:20:00,DEV_DELTA_04,91.56,4.022,129.1,1378,E04,1
2026-08-29 21:27:00,DEV_ALPHA_01,82.65,1.007,118.8,3474,E03,0
2026-08-29 22:34:00,DEV_BETA_02,52.0,0.474,98.7,1683,E01,0
2026-08-29 23:41:00,DEV_DELTA_04,65.53,1.394,128.4,3533,E01,0
2026-08-29 00:48:00,DEV_ALPHA_01,46.51,0.514,105.2,3054,E02,0
2026-08-29 01:55:00,DEV_ALPHA_01,72.76,2.879,118.5,2167,E00,0
2026-08-29 02:02:00,DEV_DELTA_04,87.87,2.295,127.7,2792,E03,0
2026-08-29 03:09:00,DEV_ALPHA_01,65.16,0.729,139.8,2552,E04,0
2026-08-29 04:16:00,DEV_DELTA_04,83.94,4.193,129.4,3046,E00,0
2026-08-29 05:23:00,DEV_GAMMA_03,73.99,2.222,113.8,1313,E04,1
2026-08-29 06:30:00,DEV_ALPHA_01,51.93,0.657,106.3,3127,E01,0
2026-08-29 07:37:00,DEV_BETA_02,48.76,0.294,139.7,1478,E04,0
2026-08-29 08:44:00,DEV_BETA_02,62.65,2.906,138.6,2446,E02,0
2026-08-29 09:51:00,DEV_GAMMA_03,51.45,2.701,131.6,3572,E04,0
2026-08-29 10:58:00,DEV_GAMMA_03,47.23,4.446,131.7,2034,E01,1
2026-08-29 11:05:00,DEV_GAMMA_03,69.79,2.24,111.6,1431,E01,0
2026-08-29 12:12:00,DEV_DELTA_04,59.77,0.418,125.2,3464,E03,0
2026-08-29 13:19:00,DEV_BETA_02,69.78,1.084,124.5,1817,E03,0
2026-08-29 14:26:00,DEV_ALPHA_01,46.7,2.482,133.8,2353,E02,0
2026-08-29 15:33:00,DEV_DELTA_04,68.0,3.216,122.8,2323,E01,0
2026-08-29 16:40:00,DEV_BETA_02,94.6,0.721,104.8,2514,E03,0
2026-08-29 17:47:00,DEV_BETA_02,97.6,4.017,130.2,1919,E02,1
2026-08-29 18:54:00,DEV_ALPHA_01,83.42,2.324,132.3,1212,E02,0
2026-08-29 19:01:00,DEV_BETA_02,62.67,2.466,124.8,3305,E03,0
2026-08-29 20:08:00,DEV_GAMMA_03,93.27,0.3,116.7,1894,E03,0
2026-08-29 21:15:00,DEV_BETA_02,68.65,0.171,110.2,2921,E02,0
2026-08-29 22:22:00,DEV_BETA_02,78.79,0.225,138.4,2323,E02,0
2026-08-29 23:29:00,DEV_GAMMA_03,63.6,1.024,123.1,1388,E04,0
2026-08-29 00:36:00,DEV_ALPHA_01,90.11,3.022,138.9,2412,E03,1
2026-08-29 01:43:00,DEV_DELTA_04,81.55,2.583,126.8,2223,E03,0
2026-08-29 02:50:00,DEV_ALPHA_01,97.26,4.596,96.3,2155,E03,1
2026-08-29 03:57:00,DEV_GAMMA_03,96.07,3.348,106.5,1393,E01,1
2026-08-29 04:04:00,DEV_DELTA_04,49.62,0.219,115.5,2390,E03,0
2026-08-29 05:11:00,DEV_BETA_02,96.85,4.54,129.0,1473,E00,1
2026-08-29 06:18:00,DEV_BETA_02,48.26,2.053,114.8,1795,E04,0
2026-08-29 07:25:00,DEV_ALPHA_01,73.88,0.606,117.2,2333,E04,0
2026-08-29 08:32:00,DEV_DELTA_04,50.3,4.322,95.1,3478,E00,0
2026-08-29 09:39:00,DEV_DELTA_04,56.57,3.959,93.8,2690,E03,1
2026-08-29 10:46:00,DEV_GAMMA_03,68.74,3.32,119.0,1906,E01,0
2026-08-29 11:53:00,DEV_DELTA_04,90.66,2.428,112.1,3442,E02,0
2026-08-29 12:00:00,DEV_GAMMA_03,94.83,1.507,113.7,2072,E03,0
2026-08-29 13:07:00,DEV_BETA_02,51.83,4.28,123.3,3408,E01,1
2026-08-29 14:14:00,DEV_ALPHA_01,92.74,2.467,138.8,2942,E04,0
2026-08-29 15:21:00,DEV_ALPHA_01,91.67,2.519,134.9,3528,E03,0
2026-08-29 16:28:00,DEV_DELTA_04,74.0,3.262,106.9,3558,E00,0
2026-08-29 17:35:00,DEV_DELTA_04,95.47,3.77,129.8,1370,E01,1
2026-08-29 18:42:00,DEV_DELTA_04,55.63,1.82,120.6,2904,E00,0
2026-08-29 19:49:00,DEV_GAMMA_03,68.38,2.341,121.5,2474,E03,0
2026-08-29 20:56:00,DEV_GAMMA_03,62.55,3.476,101.2,2854,E00,0
2026-08-29 21:03:00,DEV_ALPHA_01,66.08,4.106,131.1,2165,E01,0
2026-08-29 22:10:00,DEV_ALPHA_01,65.45,3.558,124.9,1791,E01,0
2026-08-29 23:17:00,DEV_GAMMA_03,77.54,1.331,101.5,2955,E00,0
2026-08-29 00:24:00,DEV_BETA_02,65.73,2.235,117.5,1371,E04,0
2026-08-29 01:31:00,DEV_ALPHA_01,70.69,4.771,135.4,2286,E00,0
2026-08-29 02:38:00,DEV_GAMMA_03,74.02,4.085,95.1,1265,E03,0
2026-08-29 03:45:00,DEV_GAMMA_03,88.55,0.232,100.8,2772,E03,0
2026-08-29 04:52:00,DEV_DELTA_04,63.45,3.178,136.8,1349,E00,0
2026-08-29 05:59:00,DEV_BETA_02,67.68,1.651,130.2,3474,E00,0
2026-08-29 06:06:00,DEV_DELTA_04,94.76,4.132,95.3,2470,E04,1
2026-08-29 07:13:00,DEV_DELTA_04,90.11,3.764,138.3,2579,E04,1
2026-08-29 08:20:00,DEV_DELTA_04,83.65,2.161,105.4,1741,E04,0
2026-08-29 09:27:00,DEV_GAMMA_03,74.36,4.483,102.4,3487,E02,0
2026-08-29 10:34:00,DEV_ALPHA_01,78.47,3.929,118.5,2001,E04,0
2026-08-29 11:41:00,DEV_BETA_02,54.81,1.726,125.8,3319,E03,0
2026-08-29 12:48:00,DEV_BETA_02,50.39,2.802,132.8,2727,E02,1
2026-08-29 13:55:00,DEV_GAMMA_03,47.34,3.813,139.2,3529,E02,0
2026-08-29 14:02:00,DEV_DELTA_04,53.37,3.523,97.8,3364,E04,0
2026-08-29 15:09:00,DEV_BETA_02,56.92,3.124,113.9,1281,E04,0
2026-08-29 16:16:00,DEV_ALPHA_01,65.49,1.975,108.9,2239,E03,0
2026-08-29 17:23:00,DEV_BETA_02,93.56,2.777,132.2,3306,E04,0
2026-08-29 18:30:00,DEV_DELTA_04,90.49,3.94,124.3,1883,E00,1
2026-08-29 19:37:00,DEV_BETA_02,73.77,3.446,122.6,1252,E00,0
2026-08-29 20:44:00,DEV_DELTA_04,71.37,0.347,113.5,1947,E03,0
2026-08-29 21:51:00,DEV_DELTA_04,55.24,0.56,129.5,3455,E00,0
2026-08-29 22:58:00,DEV_ALPHA_01,48.62,4.265,130.2,2433,E03,0
2026-08-29 23:05:00,DEV_DELTA_04,72.37,1.619,123.9,2614,E00,0
2026-08-29 00:12:00,DEV_ALPHA_01,93.39,4.26,100.7,3445,E01,1
2026-08-29 01:19:00,DEV_BETA_02,88.45,3.319,138.7,2965,E03,1
2026-08-29 02:26:00,DEV_DELTA_04,67.07,1.999,93.5,1904,E01,0
2026-08-29 03:33:00,DEV_GAMMA_03,64.98,3.519,137.4,2034,E00,1
2026-08-29 04:40:00,DEV_BETA_02,45.11,4.36,110.5,2112,E04,0
2026-08-29 05:47:00,DEV_GAMMA_03,91.84,2.935,99.5,2951,E00,0
2026-08-29 06:54:00,DEV_ALPHA_01,85.03,2.302,102.1,2800,E00,0
2026-08-29 07:01:00,DEV_GAMMA_03,72.98,0.653,120.0,3381,E03,0
2026-08-29 08:08:00,DEV_BETA_02,52.2,4.672,122.0,2812,E03,0
2026-08-29 09:15:00,DEV_ALPHA_01,76.35,3.358,131.6,2584,E02,1
2026-08-29 10:22:00,DEV_ALPHA_01,74.12,0.584,104.0,1506,E04,0
2026-08-29 11:29:00,DEV_DELTA_04,58.77,4.544,109.4,1689,E00,0
2026-08-29 12:36:00,DEV_ALPHA_01,78.91,3.814,110.0,2813,E01,0
2026-08-29 13:43:00,DEV_ALPHA_01,90.08,1.048,112.8,1680,E00,0
2026-08-29 14:50:00,DEV_DELTA_04,54.19,1.554,130.9,2657,E04,0
2026-08-29 15:57:00,DEV_GAMMA_03,95.02,0.718,116.8,3096,E02,1
2026-08-29 16:04:00,DEV_BETA_02,85.93,3.26,126.2,1654,E02,1
2026-08-29 17:11:00,DEV_GAMMA_03,54.99,4.225,114.3,2270,E01,0
2026-08-29 18:18:00,DEV_DELTA_04,93.44,2.359,132.0,2130,E01,0
2026-08-29 19:25:00,DEV_BETA_02,52.45,1.913,135.6,3290,E00,0
2026-08-29 20:32:00,DEV_DELTA_04,80.01,3.434,90.6,2193,E01,0
2026-08-29 21:39:00,DEV_DELTA_04,88.34,1.415,121.4,2065,E00,1
2026-08-29 22:46:00,DEV_DELTA_04,87.02,3.58,116.4,2963,E03,1
2026-08-29 23:53:00,DEV_DELTA_04,90.12,4.142,95.9,2721,E02,1
2026-08-29 00:00:00,DEV_GAMMA_03,95.24,1.021,93.6,2489,E01,0
2026-08-29 01:07:00,DEV_BETA_02,64.17,2.249,93.8,1871,E00,0
2026-08-29 02:14:00,DEV_DELTA_04,49.99,2.873,122.4,2442,E04,0
2026-08-29 03:21:00,DEV_ALPHA_01,46.92,0.459,135.3,1227,E02,0
2026-08-29 04:28:00,DEV_GAMMA_03,75.19,1.333,127.5,2878,E02,0
2026-08-29 05:35:00,DEV_BETA_02,69.82,0.263,139.8,2869,E00,0
2026-08-29 06:42:00,DEV_GAMMA_03,76.29,0.696,120.8,2820,E01,0
2026-08-29 07:49:00,DEV_DELTA_04,94.04,3.439,117.6,1965,E01,1
2026-08-29 08:56:00,DEV_GAMMA_03,87.26,2.264,103.4,2801,E03,0
2026-08-29 09:03:00,DEV_ALPHA_01,85.63,0.799,99.6,3325,E00,0
